{
    "$schema": "https://schema.management.azure.com/schemas/2015-01-01/deploymentParameters.json#",
    "contentVersion": "1.0.0.0",
    "parameters": {
        "subscriptionId": {
            "value": "a81480bc-30b7-4f3a-ac59-d070583812fc"
        },
        "name": {
            "value": "aryatestwebapp"
        },
        "location": {
            "value": "North Europe"
        },
        "hostingPlanName": {
            "value": "ASP-temprg-9dd7"
        },
        "serverFarmResourceGroup": {
            "value": "temprg"
        },
        "alwaysOn": {
            "value": false
        },
        "ftpsState": {
            "value": "FtpsOnly"
        },
        "sku": {
            "value": "Free"
        },
        "skuCode": {
            "value": "F1"
        },
        "numberOfWorkers": {
            "value": "1"
        },
        "workerSize": {
            "value": "0"
        },
        "workerSizeId": {
            "value": "0"
        },
        "linuxFxVersion": {
            "value": "DOTNETCORE|6.0"
        }
    }
}